Metric,Mean Score
BLEU,36.193781597573312
CHRF,51.583255813953535
TER,142.325055611729
